Workbook

Sheet Acompanhamento
A1: Acompanhamento de posts · @matheus__ramos
A2: Preencha só as células amarelas, com os números do Insights de cada post. As cinzas se calculam sozinhas.
A4: Data da primeira terça: | C4: 46259 | D4: ← troque por quando você começar. As 16 datas se ajustam.
A6: # | B6: Data | C6: Dia | D6: Peça | E6: Série | F6: Formato | G6: Alcance | H6: Salvam. | I6: Compart. | J6: Coment. | K6: Visitas perfil | L6: Seguidores | M6: Salv./alcance | N6: Segui./alcance | O6: Visitas/alcance
A7: ex | D7: EXEMPLO (apague) | G7: 3200 | H7: 86 | I7: 24 | J7: 19 | K7: 140 | L7: 31 | M7: =IFERROR(H7/G7,"") | N7: =IFERROR(L7/G7,"") | O7: =IFERROR(K7/G7,"")
A8: 1 | B8: 46254 | C8: Qui | D8: Farinha importada | E8: Opinião Impopular | F8: Card/Reels | G8: 2769 | H8: 20 | I8: 27 | J8: 3 | K8: 41 | L8: 9 | M8: =IFERROR(H8/G8,"") | N8: =IFERROR(L8/G8,"") | O8: =IFERROR(K8/G8,"")
A9: 2 | B9: 46260 | C9: Qua | D9: Pala e Pinsa, teglia e contemporânea | E9: Extra | F9: Reels | G9: 2705 | H9: 7 | I9: 5 | J9: 9 | K9: 8 | L9: 2 | M9: =IFERROR(H9/G9,"") | N9: =IFERROR(L9/G9,"") | O9: =IFERROR(K9/G9,"")
A10: 3 | B10: =$C$4+4 | C10: Sáb | D10: Criação autoral | E10: Autoral | F10: Foto | M10: =IFERROR(H10/G10,"") | N10: =IFERROR(L10/G10,"") | O10: =IFERROR(K10/G10,"")
A11: 4 | B11: =$C$4+5 | C11: Dom | D11: Ponto de véu | E11: O Porquê | F11: Reels | M11: =IFERROR(H11/G11,"") | N11: =IFERROR(L11/G11,"") | O11: =IFERROR(K11/G11,"")
A12: 5 | B12: 46266 | C12: Ter | D12: 75% de hidratação | E12: O Porquê do Número | F12: Carrossel | M12: =IFERROR(H12/G12,"") | N12: =IFERROR(L12/G12,"") | O12: =IFERROR(K12/G12,"")
A13: 6 | B13: =$C$4+7 | C13: Ter | D13: 48h de maturação | E13: O Porquê do Número | F13: Carrossel | M13: =IFERROR(H13/G13,"") | N13: =IFERROR(L13/G13,"") | O13: =IFERROR(K13/G13,"")
A14: 7 | B14: =$C$4+9 | C14: Qui | D14: 24h contra 48h | E14: Uma Variável | F14: Carrossel | M14: =IFERROR(H14/G14,"") | N14: =IFERROR(L14/G14,"") | O14: =IFERROR(K14/G14,"")
A15: 8 | B15: =$C$4+11 | C15: Sáb | D15: Cronograma de produção | E15: Bastidores | F15: Carrossel | M15: =IFERROR(H15/G15,"") | N15: =IFERROR(L15/G15,"") | O15: =IFERROR(K15/G15,"")
A16: 9 | B16: =$C$4+12 | C16: Dom | D16: Temperatura da água | E16: O Porquê | F16: Reels | M16: =IFERROR(H16/G16,"") | N16: =IFERROR(L16/G16,"") | O16: =IFERROR(K16/G16,"")
A17: 10 | B17: =$C$4+14 | C17: Ter | D17: W300, força da farinha | E17: O Porquê do Número | F17: Carrossel | M17: =IFERROR(H17/G17,"") | N17: =IFERROR(L17/G17,"") | O17: =IFERROR(K17/G17,"")
A18: 11 | B18: =$C$4+16 | C18: Qui | D18: Forno caro | E18: Opinião Impopular | F18: Card/Reels | M18: =IFERROR(H18/G18,"") | N18: =IFERROR(L18/G18,"") | O18: =IFERROR(K18/G18,"")
A19: 12 | B19: =$C$4+18 | C19: Sáb | D19: O erro que me custou caro | E19: O Erro | F19: Reels | M19: =IFERROR(H19/G19,"") | N19: =IFERROR(L19/G19,"") | O19: =IFERROR(K19/G19,"")
A20: 13 | B20: =$C$4+19 | C20: Dom | D20: Biga contra poolish | E20: O Porquê | F20: Reels | M20: =IFERROR(H20/G20,"") | N20: =IFERROR(L20/G20,"") | O20: =IFERROR(K20/G20,"")
A21: 14 | B21: =$C$4+21 | C21: Ter | D21: 450°C no forno | E21: O Porquê do Número | F21: Carrossel | M21: =IFERROR(H21/G21,"") | N21: =IFERROR(L21/G21,"") | O21: =IFERROR(K21/G21,"")
A22: 15 | B22: =$C$4+23 | C22: Qui | D22: 60% contra 70% | E22: Uma Variável | F22: Carrossel | M22: =IFERROR(H22/G22,"") | N22: =IFERROR(L22/G22,"") | O22: =IFERROR(K22/G22,"")
A23: 16 | B23: =$C$4+25 | C23: Sáb | D23: Aula, turmas em SP | E23: Formação | F23: Carrossel | M23: =IFERROR(H23/G23,"") | N23: =IFERROR(L23/G23,"") | O23: =IFERROR(K23/G23,"")
A24: 17 | B24: =$C$4+26 | C24: Dom | D24: Os 3 números | E24: O Porquê | F24: Reels | M24: =IFERROR(H24/G24,"") | N24: =IFERROR(L24/G24,"") | O24: =IFERROR(K24/G24,"")
D26: MÉDIA DO MÊS | G26: =IFERROR(AVERAGE(G8:G24),"") | H26: =IFERROR(AVERAGE(H8:H24),"") | I26: =IFERROR(AVERAGE(I8:I24),"") | J26: =IFERROR(AVERAGE(J8:J24),"") | K26: =IFERROR(AVERAGE(K8:K24),"") | L26: =IFERROR(AVERAGE(L8:L24),"") | M26: =IFERROR(AVERAGE(M8:M24),"") | N26: =IFERROR(AVERAGE(N8:N24),"") | O26: =IFERROR(AVERAGE(O8:O24),"")
D27: Ponto de partida (agosto/26) | L27: 14 | N27: 0.003 | O27: ← a meta é dobrar esta coluna

Sheet Por série
A1: Qual série retém mais
A2: Tudo aqui se calcula da aba Acompanhamento. Não preencha nada.
A4: Série | B4: Posts | C4: Alcance médio | D4: Salv./alcance | E4: Segui./alcance | F4: Seguidores no total
A5: O Porquê do Número | B5: =COUNTIF(Acompanhamento!$E$8:$E$24,A5) | C5: =IFERROR(AVERAGEIFS(Acompanhamento!$G$8:$G$24,Acompanhamento!$E$8:$E$24,A5),"") | D5: =IFERROR(SUMIFS(Acompanhamento!$H$8:$H$24,Acompanhamento!$E$8:$E$24,A5)/SUMIFS(Acompanhamento!$G$8:$G$24,Acompanhamento!$E$8:$E$24,A5),"") | E5: =IFERROR(SUMIFS(Acompanhamento!$L$8:$L$24,Acompanhamento!$E$8:$E$24,A5)/SUMIFS(Acompanhamento!$G$8:$G$24,Acompanhamento!$E$8:$E$24,A5),"") | F5: =IFERROR(SUMIFS(Acompanhamento!$L$8:$L$24,Acompanhamento!$E$8:$E$24,A5),"")
A6: Opinião Impopular | B6: =COUNTIF(Acompanhamento!$E$8:$E$24,A6) | C6: =IFERROR(AVERAGEIFS(Acompanhamento!$G$8:$G$24,Acompanhamento!$E$8:$E$24,A6),"") | D6: =IFERROR(SUMIFS(Acompanhamento!$H$8:$H$24,Acompanhamento!$E$8:$E$24,A6)/SUMIFS(Acompanhamento!$G$8:$G$24,Acompanhamento!$E$8:$E$24,A6),"") | E6: =IFERROR(SUMIFS(Acompanhamento!$L$8:$L$24,Acompanhamento!$E$8:$E$24,A6)/SUMIFS(Acompanhamento!$G$8:$G$24,Acompanhamento!$E$8:$E$24,A6),"") | F6: =IFERROR(SUMIFS(Acompanhamento!$L$8:$L$24,Acompanhamento!$E$8:$E$24,A6),"")
A7: Uma Variável | B7: =COUNTIF(Acompanhamento!$E$8:$E$24,A7) | C7: =IFERROR(AVERAGEIFS(Acompanhamento!$G$8:$G$24,Acompanhamento!$E$8:$E$24,A7),"") | D7: =IFERROR(SUMIFS(Acompanhamento!$H$8:$H$24,Acompanhamento!$E$8:$E$24,A7)/SUMIFS(Acompanhamento!$G$8:$G$24,Acompanhamento!$E$8:$E$24,A7),"") | E7: =IFERROR(SUMIFS(Acompanhamento!$L$8:$L$24,Acompanhamento!$E$8:$E$24,A7)/SUMIFS(Acompanhamento!$G$8:$G$24,Acompanhamento!$E$8:$E$24,A7),"") | F7: =IFERROR(SUMIFS(Acompanhamento!$L$8:$L$24,Acompanhamento!$E$8:$E$24,A7),"")
A8: O Porquê | B8: =COUNTIF(Acompanhamento!$E$8:$E$24,A8) | C8: =IFERROR(AVERAGEIFS(Acompanhamento!$G$8:$G$24,Acompanhamento!$E$8:$E$24,A8),"") | D8: =IFERROR(SUMIFS(Acompanhamento!$H$8:$H$24,Acompanhamento!$E$8:$E$24,A8)/SUMIFS(Acompanhamento!$G$8:$G$24,Acompanhamento!$E$8:$E$24,A8),"") | E8: =IFERROR(SUMIFS(Acompanhamento!$L$8:$L$24,Acompanhamento!$E$8:$E$24,A8)/SUMIFS(Acompanhamento!$G$8:$G$24,Acompanhamento!$E$8:$E$24,A8),"") | F8: =IFERROR(SUMIFS(Acompanhamento!$L$8:$L$24,Acompanhamento!$E$8:$E$24,A8),"")
A9: Autoral | B9: =COUNTIF(Acompanhamento!$E$8:$E$24,A9) | C9: =IFERROR(AVERAGEIFS(Acompanhamento!$G$8:$G$24,Acompanhamento!$E$8:$E$24,A9),"") | D9: =IFERROR(SUMIFS(Acompanhamento!$H$8:$H$24,Acompanhamento!$E$8:$E$24,A9)/SUMIFS(Acompanhamento!$G$8:$G$24,Acompanhamento!$E$8:$E$24,A9),"") | E9: =IFERROR(SUMIFS(Acompanhamento!$L$8:$L$24,Acompanhamento!$E$8:$E$24,A9)/SUMIFS(Acompanhamento!$G$8:$G$24,Acompanhamento!$E$8:$E$24,A9),"") | F9: =IFERROR(SUMIFS(Acompanhamento!$L$8:$L$24,Acompanhamento!$E$8:$E$24,A9),"")
A10: Bastidores | B10: =COUNTIF(Acompanhamento!$E$8:$E$24,A10) | C10: =IFERROR(AVERAGEIFS(Acompanhamento!$G$8:$G$24,Acompanhamento!$E$8:$E$24,A10),"") | D10: =IFERROR(SUMIFS(Acompanhamento!$H$8:$H$24,Acompanhamento!$E$8:$E$24,A10)/SUMIFS(Acompanhamento!$G$8:$G$24,Acompanhamento!$E$8:$E$24,A10),"") | E10: =IFERROR(SUMIFS(Acompanhamento!$L$8:$L$24,Acompanhamento!$E$8:$E$24,A10)/SUMIFS(Acompanhamento!$G$8:$G$24,Acompanhamento!$E$8:$E$24,A10),"") | F10: =IFERROR(SUMIFS(Acompanhamento!$L$8:$L$24,Acompanhamento!$E$8:$E$24,A10),"")
A11: O Erro | B11: =COUNTIF(Acompanhamento!$E$8:$E$24,A11) | C11: =IFERROR(AVERAGEIFS(Acompanhamento!$G$8:$G$24,Acompanhamento!$E$8:$E$24,A11),"") | D11: =IFERROR(SUMIFS(Acompanhamento!$H$8:$H$24,Acompanhamento!$E$8:$E$24,A11)/SUMIFS(Acompanhamento!$G$8:$G$24,Acompanhamento!$E$8:$E$24,A11),"") | E11: =IFERROR(SUMIFS(Acompanhamento!$L$8:$L$24,Acompanhamento!$E$8:$E$24,A11)/SUMIFS(Acompanhamento!$G$8:$G$24,Acompanhamento!$E$8:$E$24,A11),"") | F11: =IFERROR(SUMIFS(Acompanhamento!$L$8:$L$24,Acompanhamento!$E$8:$E$24,A11),"")
A12: Formação | B12: =COUNTIF(Acompanhamento!$E$8:$E$24,A12) | C12: =IFERROR(AVERAGEIFS(Acompanhamento!$G$8:$G$24,Acompanhamento!$E$8:$E$24,A12),"") | D12: =IFERROR(SUMIFS(Acompanhamento!$H$8:$H$24,Acompanhamento!$E$8:$E$24,A12)/SUMIFS(Acompanhamento!$G$8:$G$24,Acompanhamento!$E$8:$E$24,A12),"") | E12: =IFERROR(SUMIFS(Acompanhamento!$L$8:$L$24,Acompanhamento!$E$8:$E$24,A12)/SUMIFS(Acompanhamento!$G$8:$G$24,Acompanhamento!$E$8:$E$24,A12),"") | F12: =IFERROR(SUMIFS(Acompanhamento!$L$8:$L$24,Acompanhamento!$E$8:$E$24,A12),"")
A13: Extra | B13: =COUNTIF(Acompanhamento!$E$8:$E$24,A13) | C13: =IFERROR(AVERAGEIFS(Acompanhamento!$G$8:$G$24,Acompanhamento!$E$8:$E$24,A13),"") | D13: =IFERROR(SUMIFS(Acompanhamento!$H$8:$H$24,Acompanhamento!$E$8:$E$24,A13)/SUMIFS(Acompanhamento!$G$8:$G$24,Acompanhamento!$E$8:$E$24,A13),"") | E13: =IFERROR(SUMIFS(Acompanhamento!$L$8:$L$24,Acompanhamento!$E$8:$E$24,A13)/SUMIFS(Acompanhamento!$G$8:$G$24,Acompanhamento!$E$8:$E$24,A13),"") | F13: =IFERROR(SUMIFS(Acompanhamento!$L$8:$L$24,Acompanhamento!$E$8:$E$24,A13),"")

Sheet Como ler
A1: Como ler os números
A4: Salv./alcance | B4: O indicador mais importante aqui. Conteúdo educativo bom é salvo, e salvamento é o sinal mais forte que existe pro algoritmo reentregar.
B5: Abaixo de 1%: o post informou mas não foi útil o suficiente pra guardar.
B6: 1% a 3%: bom. É a faixa que sustenta crescimento.
B7: Acima de 3%: repita o formato. Achou uma veia.
A9: Segui./alcance | B9: A conversão. É o número que responde se o post fez a pessoa querer ficar.
B10: Hoje o perfil está abaixo de 0,3%, calculado sobre 49.900 views e o histórico de 14 seguidores por post.
B11: A meta dos 30 dias é dobrar isso. Chegando em 1% com o mesmo alcance de hoje, são cerca de 500 seguidores por mês.
A13: Visitas/alcance | B13: Intenção. A pessoa viu o post e foi conferir o perfil.
B14: Visita alta com conversão baixa significa que o post funciona e o perfil não segura. Aí o problema é bio e fixados, não conteúdo.
A16: Comentários | B16: Não entra no cálculo de retenção, mas é o que mais empurra alcance. Espere Opinião Impopular liderar aqui.
A18: Onde achar | B18: Instagram, abre o post, toca em Ver insights. Reels mostra também tempo médio de visualização, que vale anotar à parte.
A20: Quando analisar | B20: Espere 72 horas depois de publicar antes de anotar, porque o post continua rodando. Compare só depois de 8 posts, que é quando o padrão aparece.
A22: O que a análise decide | B22: No fim das 4 semanas, a aba Por série mostra qual formato retém mais. O mês seguinte se escreve em cima dessa resposta, não de palpite.
